{"cameraMode":{"drawMode":0,"name":"Shaded","section":"Shading Mode"},"sceneLighting":true,"audioPlay":false,"sceneViewState":{"showFog":true,"showMaterialUpdate":false,"showSkybox":true,"showFlares":true,"showImageEffects":true,"showParticleSystems":true},"in2DMode":false,"pivot":{"x":-17.171878814697267,"y":-5.041043281555176,"z":13.014167785644532},"rotation":{"x":-0.10541164129972458,"y":0.8236640095710754,"z":-0.16294683516025544,"w":-0.5328361392021179},"size":52.057586669921878,"orthographic":false}